Workbook

Sheet สรุปผลการเรียนและตัดเกรด
A1: รายงานสรุปผลการประเมินและตัดเกรดประจำวิชา การสร้างเว็บไซต์และระบบฐานข้อมูล (31909-0003)
A2: ระดับชั้น ปวส.1 สาขาวิชาเทคโนโลยีคอมพิวเตอร์ (กลุ่ม 1 สทค 2 (ม.6)) | ภาคเรียนที่ 1/2569 | ครูผู้สอน: นายไพบูลย์ สมนึก
A3: เกณฑ์การตัดเกรด: จิตพิสัย (เวลาเรียน) 20% : คะแนนเก็บ 50% : สอบกลางภาค 10% : สอบปลายภาค 20% (รวม 100%)
A5: ข้อมูลนักศึกษา | D5: จิตพิสัย (เวลาเรียน 20%) | F5: คะแนนเก็บ (50%) | H5: สอบกลางภาค (10%) | J5: สอบปลายภาค (20%) | L5: สรุปผลการเรียน (100%)
A6: ลำดับที่ | B6: รหัสนักศึกษา | C6: ชื่อ - สกุล | D6: มาเรียน (10 ครั้ง) | E6: จิตพิสัย (เต็ม 20) | F6: คะแนนดิบ (เต็ม 130) | G6: ทอนคะแนน (เต็ม 50) | H6: คะแนนดิบ (เต็ม 100) | I6: ทอนคะแนน (เต็ม 10) | J6: คะแนนดิบ (เต็ม 100) | K6: ทอนคะแนน (เต็ม 20) | L6: คะแนนรวม (เต็ม 100) | M6: ระดับเกรด (0 - 4) | N6: ผลการประเมิน
A7: 1 | B7: 69319090021 | C7: นางสาวกาญจน์เกล้า แซ่ลิ้ม | D7: 10 | E7: =ROUND((D7/10)*20, 2) | F7: ='คะแนนดิบ'!Q6 | G7: =ROUND((F7/130)*50, 2) | H7: ='คะแนนดิบ'!U6 | I7: =ROUND((H7/100)*10, 2) | J7: ='คะแนนดิบ'!X6 | K7: =ROUND((J7/100)*20, 2) | L7: =ROUND(E7+G7+I7+K7, 2) | M7: =IF(L7>=80, 4, IF(L7>=75, 3.5, IF(L7>=70, 3, IF(L7>=65, 2.5, IF(L7>=60, 2, IF(L7>=55, 1.5, IF(L7>=50, 1, 0))))))) | N7: =IF(M7>0, "ผ่าน", "ไม่ผ่าน")
A8: 2 | B8: 69319090022 | C8: นางสาวฐิติพร เจริญสลุง | D8: 10 | E8: =ROUND((D8/10)*20, 2) | F8: ='คะแนนดิบ'!Q7 | G8: =ROUND((F8/130)*50, 2) | H8: ='คะแนนดิบ'!U7 | I8: =ROUND((H8/100)*10, 2) | J8: ='คะแนนดิบ'!X7 | K8: =ROUND((J8/100)*20, 2) | L8: =ROUND(E8+G8+I8+K8, 2) | M8: =IF(L8>=80, 4, IF(L8>=75, 3.5, IF(L8>=70, 3, IF(L8>=65, 2.5, IF(L8>=60, 2, IF(L8>=55, 1.5, IF(L8>=50, 1, 0))))))) | N8: =IF(M8>0, "ผ่าน", "ไม่ผ่าน")
A9: 3 | B9: 69319090023 | C9: นายทักษดนย์ ชูชื่น | D9: 9 | E9: =ROUND((D9/10)*20, 2) | F9: ='คะแนนดิบ'!Q8 | G9: =ROUND((F9/130)*50, 2) | H9: ='คะแนนดิบ'!U8 | I9: =ROUND((H9/100)*10, 2) | J9: ='คะแนนดิบ'!X8 | K9: =ROUND((J9/100)*20, 2) | L9: =ROUND(E9+G9+I9+K9, 2) | M9: =IF(L9>=80, 4, IF(L9>=75, 3.5, IF(L9>=70, 3, IF(L9>=65, 2.5, IF(L9>=60, 2, IF(L9>=55, 1.5, IF(L9>=50, 1, 0))))))) | N9: =IF(M9>0, "ผ่าน", "ไม่ผ่าน")
A10: 4 | B10: 69319090024 | C10: นายทินภัทร มะนาวหวาน | D10: 10 | E10: =ROUND((D10/10)*20, 2) | F10: ='คะแนนดิบ'!Q9 | G10: =ROUND((F10/130)*50, 2) | H10: ='คะแนนดิบ'!U9 | I10: =ROUND((H10/100)*10, 2) | J10: ='คะแนนดิบ'!X9 | K10: =ROUND((J10/100)*20, 2) | L10: =ROUND(E10+G10+I10+K10, 2) | M10: =IF(L10>=80, 4, IF(L10>=75, 3.5, IF(L10>=70, 3, IF(L10>=65, 2.5, IF(L10>=60, 2, IF(L10>=55, 1.5, IF(L10>=50, 1, 0))))))) | N10: =IF(M10>0, "ผ่าน", "ไม่ผ่าน")
A11: 5 | B11: 69319090025 | C11: นางสาวธันย์ชนก ทับทิมทอง | D11: 10 | E11: =ROUND((D11/10)*20, 2) | F11: ='คะแนนดิบ'!Q10 | G11: =ROUND((F11/130)*50, 2) | H11: ='คะแนนดิบ'!U10 | I11: =ROUND((H11/100)*10, 2) | J11: ='คะแนนดิบ'!X10 | K11: =ROUND((J11/100)*20, 2) | L11: =ROUND(E11+G11+I11+K11, 2) | M11: =IF(L11>=80, 4, IF(L11>=75, 3.5, IF(L11>=70, 3, IF(L11>=65, 2.5, IF(L11>=60, 2, IF(L11>=55, 1.5, IF(L11>=50, 1, 0))))))) | N11: =IF(M11>0, "ผ่าน", "ไม่ผ่าน")
A12: 6 | B12: 69319090026 | C12: นายธีรพันธ์ เต็งน้อย | D12: 10 | E12: =ROUND((D12/10)*20, 2) | F12: ='คะแนนดิบ'!Q11 | G12: =ROUND((F12/130)*50, 2) | H12: ='คะแนนดิบ'!U11 | I12: =ROUND((H12/100)*10, 2) | J12: ='คะแนนดิบ'!X11 | K12: =ROUND((J12/100)*20, 2) | L12: =ROUND(E12+G12+I12+K12, 2) | M12: =IF(L12>=80, 4, IF(L12>=75, 3.5, IF(L12>=70, 3, IF(L12>=65, 2.5, IF(L12>=60, 2, IF(L12>=55, 1.5, IF(L12>=50, 1, 0))))))) | N12: =IF(M12>0, "ผ่าน", "ไม่ผ่าน")
A13: 7 | B13: 69319090027 | C13: นายนครินทร์ แก้วโสตย | D13: 9 | E13: =ROUND((D13/10)*20, 2) | F13: ='คะแนนดิบ'!Q12 | G13: =ROUND((F13/130)*50, 2) | H13: ='คะแนนดิบ'!U12 | I13: =ROUND((H13/100)*10, 2) | J13: ='คะแนนดิบ'!X12 | K13: =ROUND((J13/100)*20, 2) | L13: =ROUND(E13+G13+I13+K13, 2) | M13: =IF(L13>=80, 4, IF(L13>=75, 3.5, IF(L13>=70, 3, IF(L13>=65, 2.5, IF(L13>=60, 2, IF(L13>=55, 1.5, IF(L13>=50, 1, 0))))))) | N13: =IF(M13>0, "ผ่าน", "ไม่ผ่าน")
A14: 8 | B14: 69319090028 | C14: นายปัญญพัฒน์ บุญเกตุ | D14: 9 | E14: =ROUND((D14/10)*20, 2) | F14: ='คะแนนดิบ'!Q13 | G14: =ROUND((F14/130)*50, 2) | H14: ='คะแนนดิบ'!U13 | I14: =ROUND((H14/100)*10, 2) | J14: ='คะแนนดิบ'!X13 | K14: =ROUND((J14/100)*20, 2) | L14: =ROUND(E14+G14+I14+K14, 2) | M14: =IF(L14>=80, 4, IF(L14>=75, 3.5, IF(L14>=70, 3, IF(L14>=65, 2.5, IF(L14>=60, 2, IF(L14>=55, 1.5, IF(L14>=50, 1, 0))))))) | N14: =IF(M14>0, "ผ่าน", "ไม่ผ่าน")
A15: 9 | B15: 69319090029 | C15: นางสาวปิยธิดา บุตรนิน | D15: 9 | E15: =ROUND((D15/10)*20, 2) | F15: ='คะแนนดิบ'!Q14 | G15: =ROUND((F15/130)*50, 2) | H15: ='คะแนนดิบ'!U14 | I15: =ROUND((H15/100)*10, 2) | J15: ='คะแนนดิบ'!X14 | K15: =ROUND((J15/100)*20, 2) | L15: =ROUND(E15+G15+I15+K15, 2) | M15: =IF(L15>=80, 4, IF(L15>=75, 3.5, IF(L15>=70, 3, IF(L15>=65, 2.5, IF(L15>=60, 2, IF(L15>=55, 1.5, IF(L15>=50, 1, 0))))))) | N15: =IF(M15>0, "ผ่าน", "ไม่ผ่าน")
A16: 10 | B16: 69319090030 | C16: นายพิทวัส วงค์ตาเขียว | D16: 9 | E16: =ROUND((D16/10)*20, 2) | F16: ='คะแนนดิบ'!Q15 | G16: =ROUND((F16/130)*50, 2) | H16: ='คะแนนดิบ'!U15 | I16: =ROUND((H16/100)*10, 2) | J16: ='คะแนนดิบ'!X15 | K16: =ROUND((J16/100)*20, 2) | L16: =ROUND(E16+G16+I16+K16, 2) | M16: =IF(L16>=80, 4, IF(L16>=75, 3.5, IF(L16>=70, 3, IF(L16>=65, 2.5, IF(L16>=60, 2, IF(L16>=55, 1.5, IF(L16>=50, 1, 0))))))) | N16: =IF(M16>0, "ผ่าน", "ไม่ผ่าน")
A17: 11 | B17: 69319090031 | C17: นายพีรพัฒน์ พาหุรัตน์ | D17: 9 | E17: =ROUND((D17/10)*20, 2) | F17: ='คะแนนดิบ'!Q16 | G17: =ROUND((F17/130)*50, 2) | H17: ='คะแนนดิบ'!U16 | I17: =ROUND((H17/100)*10, 2) | J17: ='คะแนนดิบ'!X16 | K17: =ROUND((J17/100)*20, 2) | L17: =ROUND(E17+G17+I17+K17, 2) | M17: =IF(L17>=80, 4, IF(L17>=75, 3.5, IF(L17>=70, 3, IF(L17>=65, 2.5, IF(L17>=60, 2, IF(L17>=55, 1.5, IF(L17>=50, 1, 0))))))) | N17: =IF(M17>0, "ผ่าน", "ไม่ผ่าน")
A18: 12 | B18: 69319090032 | C18: นายภาณุวัฒน์ ปั่นสันเที่ยะ | D18: 8 | E18: =ROUND((D18/10)*20, 2) | F18: ='คะแนนดิบ'!Q17 | G18: =ROUND((F18/130)*50, 2) | H18: ='คะแนนดิบ'!U17 | I18: =ROUND((H18/100)*10, 2) | J18: ='คะแนนดิบ'!X17 | K18: =ROUND((J18/100)*20, 2) | L18: =ROUND(E18+G18+I18+K18, 2) | M18: =IF(L18>=80, 4, IF(L18>=75, 3.5, IF(L18>=70, 3, IF(L18>=65, 2.5, IF(L18>=60, 2, IF(L18>=55, 1.5, IF(L18>=50, 1, 0))))))) | N18: =IF(M18>0, "ผ่าน", "ไม่ผ่าน")
... A25: 19 | B25: 69319090039 | C25: นายอนาวินทร์ แก้วเก้า | D25: 9 | E25: =ROUND((D25/10)*20, 2) | F25: ='คะแนนดิบ'!Q24 | G25: =ROUND((F25/130)*50, 2) | H25: ='คะแนนดิบ'!U24 | I25: =ROUND((H25/100)*10, 2) | J25: ='คะแนนดิบ'!X24 | K25: =ROUND((J25/100)*20, 2) | L25: =ROUND(E25+G25+I25+K25, 2) | M25: =IF(L25>=80, 4, IF(L25>=75, 3.5, IF(L25>=70, 3, IF(L25>=65, 2.5, IF(L25>=60, 2, IF(L25>=55, 1.5, IF(L25>=50, 1, 0))))))) | N25: =IF(M25>0, "ผ่าน", "ไม่ผ่าน")
A26: คะแนนเฉลี่ย | D26: =AVERAGE(D7:D25) | E26: =AVERAGE(E7:E25) | F26: =AVERAGE(F7:F25) | G26: =AVERAGE(G7:G25) | H26: =AVERAGE(H7:H25) | I26: =AVERAGE(I7:I25) | J26: =AVERAGE(J7:J25) | K26: =AVERAGE(K7:K25) | L26: =AVERAGE(L7:L25)
A27: คะแนนสูงสุด | D27: =MAX(D7:D25) | E27: =MAX(E7:E25) | F27: =MAX(F7:F25) | G27: =MAX(G7:G25) | H27: =MAX(H7:H25) | I27: =MAX(I7:I25) | J27: =MAX(J7:J25) | K27: =MAX(K7:K25) | L27: =MAX(L7:L25)
A28: คะแนนต่ำสุด | D28: =MIN(D7:D25) | E28: =MIN(E7:E25) | F28: =MIN(F7:F25) | G28: =MIN(G7:G25) | H28: =MIN(H7:H25) | I28: =MIN(I7:I25) | J28: =MIN(J7:J25) | K28: =MIN(K7:K25) | L28: =MIN(L7:L25)
C31: สรุปการกระจายระดับผลการเรียน (Grade Distribution)
C32: ระดับเกรด | D32: ช่วงคะแนน | E32: จำนวน (คน) | F32: ร้อยละ (%)
C33: 4 | D33: 80.00 - 100.00 | E33: =COUNTIF(M$7:M$25, 4.0) | F33: =ROUND((E33/19)*100, 2)
C34: 3.5 | D34: 75.00 - 79.99 | E34: =COUNTIF(M$7:M$25, 3.5) | F34: =ROUND((E34/19)*100, 2)
C35: 3 | D35: 70.00 - 74.99 | E35: =COUNTIF(M$7:M$25, 3.0) | F35: =ROUND((E35/19)*100, 2)
C36: 2.5 | D36: 65.00 - 69.99 | E36: =COUNTIF(M$7:M$25, 2.5) | F36: =ROUND((E36/19)*100, 2)
C37: 2 | D37: 60.00 - 64.99 | E37: =COUNTIF(M$7:M$25, 2.0) | F37: =ROUND((E37/19)*100, 2)
C38: 1.5 | D38: 55.00 - 59.99 | E38: =COUNTIF(M$7:M$25, 1.5) | F38: =ROUND((E38/19)*100, 2)
C39: 1 | D39: 50.00 - 54.99 | E39: =COUNTIF(M$7:M$25, 1.0) | F39: =ROUND((E39/19)*100, 2)
C40: 0 | D40: ต่ำกว่า 50.00 | E40: =COUNTIF(M$7:M$25, 0.0) | F40: =ROUND((E40/19)*100, 2)
C41: รวมทั้งหมด | E41: =SUM(E33:E40) | F41: =SUM(F33:F40)

Sheet คะแนนดิบ
A1: ตารางคะแนนดิบ: คะแนนเก็บตามภาระงาน และคะแนนสอบกลางภาค/ปลายภาค
A2: วิชา การสร้างเว็บไซต์และระบบฐานข้อมูล (31909-0003) | ปวส.1 เทคโนโลยีคอมพิวเตอร์ (กลุ่ม 1 สทค 2 (ม.6)) | ภาคเรียนที่ 1/2569
A4: ข้อมูลนักศึกษา | D4: คะแนนเก็บตามภาระงาน (Assignment 1 - 13 | เต็ม 130 คะแนน) | S4: สอบกลางภาค (เต็ม 100 คะแนน) | V4: สอบปลายภาค (เต็ม 100 คะแนน)
A5: ลำดับที่ | B5: รหัสนักศึกษา | C5: ชื่อ - สกุล | D5: Assignment 1 Basic HTML (10) | E5: Assignment 2 Basic HTML 2 (10) | F5: Assignment 3 Basic CSS (10) | G5: Assignment 4 Colspan + Rowspan (10) | H5: Assignment 5 HTML Form (10) | I5: Assignment 6 CSS Boxmodel (10) | J5: Assignment 7 CSS Flexbox (10) | K5: Assignment 8 PHP Operator 1 (10) | L5: Assignment 9 PHP Conditional (10) | M5: Assignment 10 Arrays foreach Loop (10) | N5: Assignment 11 Functions Modular (10) | O5: Assignment 12 Form Validation (10) | P5: Assignment 13 ขึ้นระบบ Server (10) | Q5: รวมงาน (130) | R5: ร้อยละ (%) | S5: ข้อกา ปรนัย (40) | T5: ข้อเขียน อัตนัย (60) | U5: รวมกลางภาค (100) | V5: ข้อกา ปรนัย (40) | W5: ข้อเขียน อัตนัย (60) | X5: รวมปลายภาค (100)
A6: 1 | B6: 69319090021 | C6: นางสาวกาญจน์เกล้า แซ่ลิ้ม | D6: 10 | E6: 10 | F6: 10 | G6: 10 | H6: 10 | I6: 10 | J6: 10 | K6: 10 | L6: 10 | M6: 10 | N6: 10 | O6: 10 | P6: 10 | Q6: =SUM(D6:P6) | R6: =ROUND((Q6/130)*100, 2) | S6: 22 | T6: 22 | U6: =SUM(S6:T6) | V6: 24 | W6: 5 | X6: =SUM(V6:W6)
A7: 2 | B7: 69319090022 | C7: นางสาวฐิติพร เจริญสลุง | D7: 10 | E7: 10 | F7: 10 | G7: 10 | H7: 10 | I7: 10 | J7: 10 | K7: 10 | L7: 10 | M7: 10 | N7: 10 | O7: 10 | P7: 0 | Q7: =SUM(D7:P7) | R7: =ROUND((Q7/130)*100, 2) | S7: 17 | T7: 20 | U7: =SUM(S7:T7) | V7: 24 | W7: 30 | X7: =SUM(V7:W7)
A8: 3 | B8: 69319090023 | C8: นายทักษดนย์ ชูชื่น | D8: 10 | E8: 10 | F8: 10 | G8: 10 | H8: 0 | I8: 10 | J8: 0 | K8: 0 | L8: 10 | M8: 10 | N8: 0 | O8: 0 | P8: 0 | Q8: =SUM(D8:P8) | R8: =ROUND((Q8/130)*100, 2) | S8: 12 | T8: 5 | U8: =SUM(S8:T8) | V8: 17 | W8: 10 | X8: =SUM(V8:W8)
A9: 4 | B9: 69319090024 | C9: นายทินภัทร มะนาวหวาน | D9: 10 | E9: 10 | F9: 10 | G9: 10 | H9: 10 | I9: 10 | J9: 10 | K9: 10 | L9: 10 | M9: 10 | N9: 10 | O9: 10 | P9: 10 | Q9: =SUM(D9:P9) | R9: =ROUND((Q9/130)*100, 2) | S9: 27 | T9: 30 | U9: =SUM(S9:T9) | V9: 20 | W9: 13 | X9: =SUM(V9:W9)
A10: 5 | B10: 69319090025 | C10: นางสาวธันย์ชนก ทับทิมทอง | D10: 10 | E10: 0 | F10: 10 | G10: 10 | H10: 10 | I10: 10 | J10: 0 | K10: 0 | L10: 10 | M10: 0 | N10: 0 | O10: 0 | P10: 0 | Q10: =SUM(D10:P10) | R10: =ROUND((Q10/130)*100, 2) | S10: 14 | T10: 5 | U10: =SUM(S10:T10) | V10: 17 | W10: 18 | X10: =SUM(V10:W10)
A11: 6 | B11: 69319090026 | C11: นายธีรพันธ์ เต็งน้อย | D11: 10 | E11: 10 | F11: 10 | G11: 10 | H11: 10 | I11: 10 | J11: 10 | K11: 10 | L11: 10 | M11: 10 | N11: 10 | O11: 10 | P11: 10 | Q11: =SUM(D11:P11) | R11: =ROUND((Q11/130)*100, 2) | S11: 18 | T11: 15 | U11: =SUM(S11:T11) | V11: 17 | W11: 33 | X11: =SUM(V11:W11)
A12: 7 | B12: 69319090027 | C12: นายนครินทร์ แก้วโสตย | D12: 10 | E12: 10 | F12: 10 | G12: 10 | H12: 10 | I12: 10 | J12: 10 | K12: 10 | L12: 10 | M12: 0 | N12: 0 | O12: 0 | P12: 0 | Q12: =SUM(D12:P12) | R12: =ROUND((Q12/130)*100, 2) | S12: 24 | T12: 28 | U12: =SUM(S12:T12) | V12: 19 | W12: 25 | X12: =SUM(V12:W12)
A13: 8 | B13: 69319090028 | C13: นายปัญญพัฒน์ บุญเกตุ | D13: 10 | E13: 10 | F13: 10 | G13: 0 | H13: 10 | I13: 10 | J13: 10 | K13: 0 | L13: 10 | M13: 0 | N13: 0 | O13: 0 | P13: 10 | Q13: =SUM(D13:P13) | R13: =ROUND((Q13/130)*100, 2) | S13: 17 | T13: 25 | U13: =SUM(S13:T13) | V13: 16 | W13: 8 | X13: =SUM(V13:W13)
A14: 9 | B14: 69319090029 | C14: นางสาวปิยธิดา บุตรนิน | D14: 10 | E14: 10 | F14: 10 | G14: 10 | H14: 0 | I14: 0 | J14: 0 | K14: 10 | L14: 0 | M14: 10 | N14: 0 | O14: 0 | P14: 0 | Q14: =SUM(D14:P14) | R14: =ROUND((Q14/130)*100, 2) | S14: 10 | T14: 15 | U14: =SUM(S14:T14) | V14: 12 | W14: 22 | X14: =SUM(V14:W14)
A15: 10 | B15: 69319090030 | C15: นายพิทวัส วงค์ตาเขียว | D15: 10 | E15: 0 | F15: 10 | G15: 10 | H15: 10 | I15: 10 | J15: 10 | K15: 0 | L15: 10 | M15: 10 | N15: 10 | O15: 10 | P15: 0 | Q15: =SUM(D15:P15) | R15: =ROUND((Q15/130)*100, 2) | S15: 15 | T15: 13 | U15: =SUM(S15:T15) | V15: 15 | W15: 3 | X15: =SUM(V15:W15)
A16: 11 | B16: 69319090031 | C16: นายพีรพัฒน์ พาหุรัตน์ | D16: 10 | E16: 10 | F16: 10 | G16: 10 | H16: 10 | I16: 10 | J16: 0 | K16: 0 | L16: 0 | M16: 0 | N16: 0 | O16: 0 | P16: 0 | Q16: =SUM(D16:P16) | R16: =ROUND((Q16/130)*100, 2) | S16: 17 | T16: 10 | U16: =SUM(S16:T16) | V16: 19 | W16: 15 | X16: =SUM(V16:W16)
A17: 12 | B17: 69319090032 | C17: นายภาณุวัฒน์ ปั่นสันเที่ยะ | D17: 10 | E17: 10 | F17: 10 | G17: 10 | H17: 10 | I17: 10 | J17: 0 | K17: 10 | L17: 10 | M17: 10 | N17: 10 | O17: 10 | P17: 10 | Q17: =SUM(D17:P17) | R17: =ROUND((Q17/130)*100, 2) | S17: 20 | T17: 12 | U17: =SUM(S17:T17) | V17: 17 | W17: 25 | X17: =SUM(V17:W17)
... A24: 19 | B24: 69319090039 | C24: นายอนาวินทร์ แก้วเก้า | D24: 10 | E24: 10 | F24: 0 | G24: 0 | H24: 0 | I24: 10 | J24: 10 | K24: 10 | L24: 10 | M24: 0 | N24: 0 | O24: 0 | P24: 0 | Q24: =SUM(D24:P24) | R24: =ROUND((Q24/130)*100, 2) | S24: 11 | T24: 13 | U24: =SUM(S24:T24) | V24: 21 | W24: 18 | X24: =SUM(V24:W24)
A25: คะแนนเฉลี่ย | D25: =AVERAGE(D6:D24) | E25: =AVERAGE(E6:E24) | F25: =AVERAGE(F6:F24) | G25: =AVERAGE(G6:G24) | H25: =AVERAGE(H6:H24) | I25: =AVERAGE(I6:I24) | J25: =AVERAGE(J6:J24) | K25: =AVERAGE(K6:K24) | ... X25: =AVERAGE(X6:X24)
A26: คะแนนสูงสุด | D26: =MAX(D6:D24) | E26: =MAX(E6:E24) | F26: =MAX(F6:F24) | G26: =MAX(G6:G24) | H26: =MAX(H6:H24) | I26: =MAX(I6:I24) | J26: =MAX(J6:J24) | K26: =MAX(K6:K24) | ... X26: =MAX(X6:X24)
A27: คะแนนต่ำสุด | D27: =MIN(D6:D24) | E27: =MIN(E6:E24) | F27: =MIN(F6:F24) | G27: =MIN(G6:G24) | H27: =MIN(H6:H24) | I27: =MIN(I6:I24) | J27: =MIN(J6:J24) | K27: =MIN(K6:K24) | ... X27: =MIN(X6:X24)

Sheet จับคู่บัญชี-อีเมล
A1: ตารางจับคู่บัญชี Google Classroom กับทะเบียนนักศึกษา
A2: วิชา การสร้างเว็บไซต์และระบบฐานข้อมูล (31909-0003) | 1 สทค 2 (ม.6) | ใช้ตรวจสอบความถูกต้องของการลงคะแนน
A4: ลำดับที่ | B4: รหัสนักศึกษา | C4: ชื่อ - สกุล ในทะเบียน | D4: ชื่อที่แสดงใน Classroom | E4: อีเมลที่ใช้ส่งงานใน Classroom | F4: จำนวนงานที่พบ | G4: หลักฐานการจับคู่ / บัญชีเพิ่มเติม
A5: 1 | B5: 69319090021 | C5: นางสาวกาญจน์เกล้า แซ่ลิ้ม | D5: kkankao saelimk | E5: kkankaosaelimk@gmail.com | F5: 13 / 13 งาน | G5: ชื่อไฟล์แนบส่ง: 021w5.html (รหัสท้าย 021)
A6: 2 | B6: 69319090022 | C6: นางสาวฐิติพร เจริญสลุง | D6: Titiporn Jaroensalung | E6: fg.titiporn15@gmail.com | F6: 12 / 13 งาน | G6: ชื่อไฟล์แนบส่ง: 69319090022แบบฝึ...
A7: 3 | B7: 69319090023 | C7: นายทักษดนย์ ชูชื่น | D7: ทักษดนย์ 023 | E7: taksadoncc@gmail.com | F7: 7 / 13 งาน | G7: ชื่อบัญชีระบุ: ทักษดนย์ 023 (ตรงกับรหัสท้าย 023)
A8: 4 | B8: 69319090024 | C8: นายทินภัทร มะนาวหวาน | D8: นายทินภัทร มะนาวหวาน | E8: 69319090024@lbtech.ac.th | F8: 13 / 13 งาน | G8: ใช้อีเมลวิทยาลัย 69319090024@lbtech.ac.th, ไฟล์แนบ: 69319090024 week...
A9: 5 | B9: 69319090025 | C9: นางสาวธันย์ชนก ทับทิมทอง | D9: Thanchanok Thipthimthong | E9: thanchanok02134@gmail.com | F9: 6 / 13 งาน | G9: ชื่อไฟล์แนบส่ง: 69319090025 input....
A10: 6 | B10: 69319090026 | C10: นายธีรพันธ์ เต็งน้อย | D10: ธีรพันธ์ เต็งน้อย | E10: wiko0405phone@gmail.com | F10: 13 / 13 งาน | G10: ชื่อไฟล์แนบส่ง: 69319090026 งานแ...
A11: 7 | B11: 69319090027 | C11: นายนครินทร์ แก้วโสตย | D11: Mark | E11: nakarint1851@gmail.com | F11: 9 / 13 งาน | G11: อีเมล nakarint1851@gmail.com (ชื่อ นครินทร์), ไฟล์แนบ: 69319090027 week...
A12: 8 | B12: 69319090028 | C12: นายปัญญพัฒน์ บุญเกตุ | D12: ปัญญพัฒน์ บุญเกตุ | E12: panyapatbunkatt@gmail.com | F12: 8 / 13 งาน | G12: ชื่อไฟล์แนบส่ง: 69319090028 . .html
A13: 9 | B13: 69319090029 | C13: นางสาวปิยธิดา บุตรนิน | D13: Piyathda Boothnin / ppp 123 / นางสาวปิยธิดา บุตรนิน / ปิยธิดา บุตรนิน | E13: piyathdaboothnin@gmail.com, ppzz123124@gmail.com, 69319090029@lbtech.ac.th, preme5645@gmail.com | F13: 6 / 13 งาน | G13: พบใช้ 4 บัญชี: piyathdaboothnin@, preme5645@, ppzz123124@, 69319090029@ (คะแนนไม่ขัดแย้งกัน รวมเข้าด้วยกัน)
A14: 10 | B14: 69319090030 | C14: นายพิทวัส วงค์ตาเขียว | D14: นายพิทวัส วงค์ตาเขียว / พิทวัส วงค์ตาเขียว | E14: 69319090030@lbtech.ac.th, pittawatwongchearw@gmail.com | F14: 10 / 13 งาน | G14: พบ 2 บัญชี: 69319090030@lbtech.ac.th (มีคะแนน) และ pittawatwongchearw@ (0 คะแนน)
A15: 11 | B15: 69319090031 | C15: นายพีรพัฒน์ พาหุรัตน์ | D15: 6861_05_นายพีรพัฒน์ พาหุรัตน์ / พีรพัฒน์ พาหุรัตน์ | E15: skj19182@skj.ac.th, pccoco351@gmail.com | F15: 6 / 13 งาน | G15: พบ 2 บัญชี: skj19182@skj.ac.th (มีคะแนน, แนบไฟล์ 69319090031...) และ pccoco351@ (0 คะแนน)
A16: 12 | B16: 69319090032 | C16: นายภาณุวัฒน์ ปั่นสันเที่ยะ | D16: ภาณุวัฒน์ ปั่นสันเที่ยะ 032 | E16: huaweiy70612@gmail.com | F16: 12 / 13 งาน | G16: ชื่อบัญชีระบุ: ภาณุวัฒน์ ปั่นสันเที่ยะ 032, ไฟล์แนบ: 69319090032new.h...
... A23: 19 | B23: 69319090039 | C23: นายอนาวินทร์ แก้วเก้า | D23: อนาวินทร์ แก้วเก้า | E23: anawinkaewkao@gmail.com | F23: 6 / 13 งาน | G23: ชื่อบัญชีตรงกับรายชื่อ: นายอนาวินทร์ แก้วเก้า (สถานะส่งงานใน Classroom)
